first_name,last_name,credit_card,password,dob,country
john,SMITH,1234-5678-9012-3456,abc123,01/01/1970,
Mary,jones,9999-9999-9999-9999,xyz789,02/02/1980,AU
bill,johnson,2222-2222-2222-2222,123abc,03/03/1990,nz
HANK,BROWN,3333-3333-3333-3333,456def,04/04/2000,
Alexander,Morris,4121-2868-7052-4933,AMo521,02/05/1982,UK
Violet,Alvarado,7486-9783-8833-2875,VAl286,07/16/1963,NZ
Asher,Hart,3439-8539-3633-1426,,04/08/1983,
Violet,Rose,2561-3552-8222-7283,VRo761,02/13/1982,CA
Lincoln,Pierce,1847-1569-6397-9152,LPi947,08/18/2002,us
Ellie,Nunez,8862-4969-3075-1269,ENu762,03/02/1965,US
Evelyn,Young,5164-9254-1879-1964,EYo664,01/23/1984,us
Theodore,Herrera,4786-9604-1110-9048,THe286,07/09/1980,uk
Eli,Burns,3174-5049-3902-8052,EBu474,03/14/1982,uk
Delilah,Pena,5798-6223-6967-3182,DPe398,11/28/1987,ie
Josephine,Dunn,2237-9075-8821-5168,JDu437,02/08/1996,us
Josiah,Wood,2428-7405-9644-8309,JWo628,01/06/1964,AU
Jackson,Greene,9778-2404-8131-1037,JGr778,07/05/1981,AU
Grayson,Peters,1667-5007-2227-1906,GPe767,08/28/1972,ca
Jack,Roberts,7677-9408-1479-2642,JRo477,06/09/1989,ie
Ezra,Johnston,6898-4879-4347-2997,EJo598,07/12/1977,US
Layla,Larson,8224-1366-5110-1042,LLa124,01/11/1975,
Quinn,Turner,3311-9948-3375-4078,QTu611,08/01/1995,
Zoey,Gardner,8011-2280-7449-5350,ZGa811,04/17/1974,ca
Piper,Morales,6087-5809-9931-9397,PMo687,12/02/1981,UK
Allison,Reed,6129-7265-2904-7454,ARe729,06/22/1974,ie
Anthony,Duncan,8605-2682-2009-3995,ADu505,10/03/1979,CA
Sophie,Hawkins,8128-5609-3593-2224,SHa928,01/02/1988,au
Eliana,Hansen,6164-1046-9529-7345,EHa764,05/19/1984,UK
James,King,9635-4081-3869-5631,JKi635,08/26/1994,IE
Samuel,Wallace,1575-4553-4020-4483,SWa675,12/26/1965,NZ
Joshua,Hunt,5358-4903-3862-2461,JHu858,03/08/1987,UK
Eli,Franklin,2338-5224-6494-2296,EFr538,07/21/1964,au
Savannah,Foster,1199-7221-6268-9738,SFo299,08/18/1963,nz
Elijah,Olson,2308-4830-1688-7078,EOl508,01/19/1973,ca
Caleb,Pierce,2759-4222-2541-8489,CPi959,08/11/1971,AU
Luna,Payne,3525-3048-6361-7360,LPa825,06/17/1966,au
Delilah,Grant,6470-4667-5648-9476,DGr170,11/12/1973,us
Gianna,Harrison,6161-7095-2215-5777,GHa761,02/16/1960,AU
Lucy,Miller,7741-5226-3026-8916,LMi541,10/23/1961,uk
Henry,Meyer,5797-9539-4914-4763,HMe397,10/12/2004,CA
Natalie,Gonzales,2711-4209-2863-4103,NGo911,08/18/1978,CA
Lily,Wagner,8490-7505-7820-5302,LWa390,03/06/1985,ca
Samuel,Evans,7317-9957-4192-3518,SEv117,06/22/2002,ie
Eliana,Spencer,4509-6687-2051-2519,ESp909,06/04/1976,CA
Abigail,Torres,3409-7285-4867-9106,ATo709,10/14/2002,ca
Joseph,Cunningham,4441-7202-5406-6554,JCu841,10/15/2001,ie
Zoey,Larson,6914-3274-8688-1998,ZLa614,11/07/1998,nz
Maya,Dixon,9513-6432-6391-1851,MDi513,06/09/1996,IE
Michael,Moore,3882-2824-6796-2729,MMo282,03/13/1996,AU
Isabella,Smith,4323-9225-5225-9342,ISm723,12/18/2000,nz
Lincoln,Maldonado,6267-3438-4637-2801,LMa867,12/27/1997,AU
Madeline,Johnson,1990-5868-8605-4797,MJo190,07/09/1960,US
Charles,Ruiz,1720-2478-9146-4854,CRu820,01/19/1961,nz
Hudson,Wood,1805-8044-8704-5871,HWo905,02/13/1969,IE
Stella,Hayes,5195-3526-1824-5027,SHa695,08/07/1974,CA
Sophie,Harvey,3551-4427-2725-6639,SHa851,08/20/1975,IE
Josephine,Singh,1565-3488-1913-3763,JSi665,02/21/1973,NZ
Mia,James,3673-4765-9623-2589,MJa973,10/26/1988,US
Kinsley,Perkins,7779-9111-4220-9023,KPe579,12/04/1985,CA
Aurora,Chavez,3019-6045-2428-6112,ACh319,04/06/1993,au
Layla,Hudson,8427-4168-7894-8579,LHu327,12/13/1969,CA
Dylan,Stewart,3581-1293-1057-1368,DSt881,02/10/1972,uk
Leo,Edwards,1188-5951-9759-1186,LEd288,09/20/1989,ca
Mia,Jordan,5450-1372-1058-1162,MJo950,11/09/1973,ca
Quinn,Price,8138-7870-9137-3046,QPr938,11/23/1997,ca
Sebastian,Cunningham,3248-4545-1435-5763,SCu548,05/14/1990,IE
Zoey,Sanders,4990-7730-4515-9391,ZSa490,07/23/1965,NZ
Kinsley,Harvey,9166-7435-2261-6831,KHa166,07/08/1961,IE
Theodore,Baker,9564-7272-4517-7175,TBa564,09/25/1967,CA
Anthony,Santos,9430-4989-9215-8605,ASa430,07/14/1985,UK
Ryan,Mendoza,8993-6585-9526-2613,RMe893,02/26/1981,US
Wyatt,Mitchell,4945-8283-1435-2221,WMi445,10/28/1990,UK
Andrew,Ramirez,7642-8276-3054-3767,ARa442,07/09/1989,CA
Camila,Gray,3257-7679-3046-9312,CGr557,02/28/1981,uk
Logan,Tucker,2732-2244-3205-5360,LTu932,05/09/1960,us
Gabriel,Meyer,1975-7615-6964-4849,GMe175,04/20/1984,UK
Aiden,Collins,1256-6405-4809-7843,ACo356,05/26/1989,NZ
Matthew,Robertson,5758-6143-6317-5710,MRo358,07/20/1967,ca
Samuel,Riley,2330-9022-6081-9794,SRi530,11/11/2001,ie
Joshua,Matthews,2719-3237-9914-5537,JMa919,04/26/1964,AU
Maya,Alvarez,2440-9115-8542-5532,MAl640,01/08/1987,uk
Skylar,Reyes,5317-3851-6671-6883,SRe817,10/20/1961,
Piper,Black,7310-4815-6593-8324,PBl110,11/16/1973,us
Aurora,Mendez,6603-9832-9159-1418,AMe303,12/25/1974,ie
Levi,Gibson,8971-2712-5204-5261,LGi871,04/01/1979,AU
Andrew,Berry,7048-2790-4976-1839,ABe748,01/11/1976,IE
Dylan,Delgado,4251-7975-6579-4368,DDe651,12/16/2004,uk
Abigail,Gordon,1339-3648-9381-4237,AGo439,04/01/1971,UK
Jacob,Myers,8961-5999-1903-6691,JMy861,06/12/1963,NZ
Sadie,Clark,1162-4091-9832-7227,SCl262,07/12/1972,IE
Noah,Palmer,9964-7190-6210-8372,NPa964,01/15/1995,us
Alexander,Lynch,1631-4148-1474-5827,ALy731,08/25/1984,NZ
Charles,Alexander,5300-8108-3226-7393,CAl800,05/21/1981,UK
Anthony,Ross,2960-4258-8329-1998,ARo260,05/07/1999,nz
Addison,Lawrence,4731-6618-5282-9546,ALa231,12/15/1967,nz
Ezra,Martinez,4948-1005-3381-2500,EMa448,01/02/2001,au
Mia,Brown,4869-5597-5713-3684,MBr369,06/14/1993,uk
Anthony,Carter,6964-6495-1263-2137,ACa664,01/08/1998,UK
Levi,Ross,2743-1250-3521-7332,LRo943,04/23/1961,uk
Noah,Soto,2970-2536-4579-1290,NSo270,03/25/1984,nz
